team_label,wins,losses,win_pct,games_remaining,last_ten
CHW,81,60,0.574468085106383,21,▀▀▀▄▀▄▀▄▄▀
CLE,69,70,0.49640287769784175,23,▀▀▄▄▀▄▄▄▀▄
DET,67,75,0.47183098591549294,20,▄▀▄▀▄▀▄▄▀▀
KCR,64,77,0.45390070921985815,21,▄▄▀▄▀▀▄▄▀▀
MIN,62,79,0.4397163120567376,21,▄▄▄▄▀▀▀▀▄▄
